tenor,tick_value,fee_per_contract
T1,9.757931965362019,2.3826463211351943
T2,7.998642634334221,2.5645752107544935
T3,13.318686148238282,1.7948838545143433
T4,13.816437551809347,1.3492317000147929
T5,9.332504237726749,1.057636750281727
T6,8.746880207268948,2.2744911989742
T7,11.126989470189649,1.5379868132698196
T8,5.57974446057913,1.9277791742425685
