,Total Return (%),Annual Return (%),Volatility (%),Sharpe Ratio,Win Rate (%),Trades Per Day,Alpha (%),Beta,Skewness,Kurtosis
Schwartz-Smith Tenor 1,-91.7532785807645,-46.41165668822113,52.02946909683664,-0.46582066397928684,51.340615690168825,0.012896825396825396,-56.411656688221136,1.2,-23.283631579567526,625.1188701825359
Schwartz-Smith Tenor 2,10.853828725353809,2.6095243429589576,13.320359677531352,-0.11538414859208393,42.89970208540218,0.2698412698412698,-7.390475657041043,0.8,0.49897357508744633,17.15566366285876
Buy & Hold Benchmark,15.0,5.0,20.0,0.25,-,-,0,1.0,-,-
Risk-Free Rate (5%),15.0,5.0,0.0,-,100,-,0,0,-,-
