tenor,tick_value,fee_per_contract
T1,8.745401188473625,2.2022300234864174
T2,14.50714306409916,2.416145155592091
T3,12.31993941811405,1.041168988591605
T4,10.986584841970366,2.9398197043239884
T5,6.560186404424365,2.6648852816008435
T6,6.559945203362027,1.4246782213565523
T7,5.580836121681995,1.3636499344142012
T8,13.661761457749352,1.3668090197068676
