,Total Return (%),Annual Return (%),Volatility (%),Sharpe Ratio,Win Rate (%),Trades Per Day,Alpha (%),Beta,Skewness,Kurtosis
Schwartz-Smith Tenor 1,-19.904925499959848,-5.397752891457042,10.994439337973168,-0.9050998487792196,47.765640516385304,0.40773809523809523,-15.397752891457042,1.2,0.45192699711922957,3.170989134766911
Schwartz-Smith Tenor 2,-13.817937945309533,-3.6494450772266207,10.355625863252126,-0.7904849074785437,47.666335650446875,0.3521825396825397,-13.649445077226622,0.8,0.2761633086360884,3.4487901412971835
Buy & Hold Benchmark,15.0,5.0,20.0,0.25,-,-,0,1.0,-,-
Risk-Free Rate (5%),15.0,5.0,0.0,-,100,-,0,0,-,-
