mispricing,z_scores
-0.015651683077409814,-0.47156883264837696
-0.01760778945125718,-0.5054550827041455
-0.016306388262403597,-0.47278224037498373
-0.0357170328218907,-1.0760078308060677
-0.04903551781593151,-1.5077724107903745
-0.06185383491033537,-1.912349137052775
-0.13945096732025758,-4.245078063703386
-0.18985863370973252,-5.865485508475929
