mispricing,z_scores
-0.015517791577065848,-0.4675348218518078
-0.0173448803735791,-0.49790792694281
-0.015913034821520962,-0.46137747568724014
-0.03494601439297181,-1.0527802051701542
-0.04789222899922813,-1.4726179062155194
-0.06034658730736366,-1.8657492187607851
-0.13737031496882957,-4.18174016203824
-0.1872418085186592,-5.7846414091766505
