maturity_idx,side,qty
4,SELL,0.8999999999999999
5,SELL,0.8999999999999999
6,SELL,0.8999999999999999
7,SELL,0.8999999999999999
