mispricing,z_scores
0.05040016996197233,2.5200084980986164
0.05521892991992879,2.7609464959964396
0.060074556169639255,3.0037278084819627
0.06496723827548863,3.2483619137744313
0.06989716804165026,3.494858402082513
0.07486453951179523,3.7432269755897614
0.07986954896919389,3.9934774484596947
0.08491239493714947,4.245619746857473
