maturity_idx,side,qty
0,BUY,0.8999999999999999
1,BUY,0.8999999999999999
2,BUY,0.8999999999999999
3,BUY,0.8999999999999999
4,BUY,0.8999999999999999
5,BUY,0.8999999999999999
6,BUY,0.8999999999999999
7,BUY,0.8999999999999999
