tenor,tick_value,fee_per_contract
T1,13.603503348085566,2.6996045216047073
T2,6.402681616354285,1.1198094020067275
T3,9.299397477851187,1.4549162209458413
T4,5.972244179264248,1.5187599904423612
T5,8.895952484386282,1.773382989277576
T6,5.151074455877044,2.605732744795092
T7,13.982730651101269,1.7731157474629853
T8,10.27043996828681,1.409307059292654
