,Total Return (%),Annual Return (%),Volatility (%),Sharpe Ratio,Win Rate (%),Trades Per Day,Alpha (%),Beta,Skewness,Kurtosis
Schwartz-Smith Tenor 1,11.751596948250409,2.8194825904190868,10.598021049436639,-0.1563199259191742,53.87673956262425,0.3972194637537239,-7.180517409580914,1.2,0.4438482689657775,4.299296519456313
Schwartz-Smith Tenor 2,-25.987379077709384,-7.254253857455362,10.01999081607338,-1.2011511986521186,43.93638170974155,0.35948361469712015,-17.254253857455364,0.8,0.02033181828620904,4.483463446543359
Buy & Hold Benchmark,15.0,5.0,20.0,0.25,-,-,0,1.0,-,-
Risk-Free Rate (5%),15.0,5.0,0.0,-,100,-,0,0,-,-
